declaration_id,rank,regulation_id,score
D0001,1,R0002,0.671901285648346
D0001,2,R0003,0.5923129320144653
D0001,3,R0020,0.5762439370155334
D0001,4,R0001,0.5556763410568237
D0001,5,R0010,0.4151359498500824
D0001,6,R0094,0.32949957251548767
D0001,7,R0006,0.3082943558692932
D0001,8,R0012,0.29057806730270386
D0001,9,R0005,0.2699987292289734
D0001,10,R0011,0.2549724578857422
D0002,1,R0125,0.16184942424297333
D0002,2,R0029,0.1063188686966896
D0002,3,R0126,0.10393037647008896
D0002,4,R0027,0.10248421877622604
D0002,5,R0026,0.10070161521434784
D0002,6,R0124,0.06656918674707413
D0002,7,R0025,0.06221698224544525
D0002,8,R0036,0.05370030552148819
D0002,9,R0108,0.022116588428616524
D0002,10,R0074,0.02186455763876438
D0003,1,R0020,0.6951311230659485
D0003,2,R0017,0.6451199054718018
D0003,3,R0131,0.5305557250976562
D0003,4,R0118,0.477752149105072
D0003,5,R0120,0.35075491666793823
D0003,6,R0104,0.34809091687202454
D0003,7,R0016,0.3447742760181427
D0003,8,R0119,0.3379678428173065
D0003,9,R0102,0.2886693477630615
D0003,10,R0208,0.2785510718822479
D0004,1,R0177,0.49182963371276855
D0004,2,R0183,0.39840641617774963
D0004,3,R0176,0.3041450083255768
D0004,4,R0175,0.17567944526672363
D0004,5,R0178,0.16940586268901825
D0004,6,R0182,0.15934818983078003
D0004,7,R0180,0.156491219997406
D0004,8,R0181,0.1524103283882141
D0004,9,R0179,0.13296423852443695
D0004,10,R0020,0.10052486509084702
D0005,1,R0038,0.2137051820755005
D0005,2,R0039,0.11162799596786499
D0005,3,R0071,0.019756916910409927
D0005,4,R0092,0.01634012721478939
D0005,5,R0012,0.010408313944935799
D0005,6,R0054,0.01009131595492363
D0005,7,R0008,0.008813166059553623
D0005,8,R0094,0.00877910852432251
D0005,9,R0095,0.008745181374251842
D0005,10,R0011,0.007345826830714941
D0006,1,R0156,0.12754392623901367
D0006,2,R0196,0.09252364933490753
D0006,3,R0270,0.08254930377006531
D0006,4,R0269,0.07329727709293365
D0006,5,R0268,0.0650087296962738
D0006,6,R0264,0.0511774942278862
D0006,7,R0154,0.04240382835268974
D0006,8,R0094,0.0389750711619854
D0006,9,R0095,0.03514484688639641
D0006,10,R0262,0.03296123817563057
D0007,1,R0148,0.5147891044616699
D0007,2,R0150,0.36364689469337463
D0007,3,R0221,0.3617281913757324
D0007,4,R0012,0.3259495198726654
D0007,5,R0149,0.3178495764732361
D0007,6,R0011,0.30756595730781555
D0007,7,R0095,0.30528295040130615
D0007,8,R0222,0.3019792437553406
D0007,9,R0010,0.29370826482772827
D0007,10,R0264,0.28977349400520325
D0008,1,R0276,0.19759924709796906
D0008,2,R0274,0.19528697431087494
D0008,3,R0275,0.17245040833950043
D0008,4,R0336,0.011508148163557053
D0008,5,R0335,0.009340023621916771
D0008,6,R0262,0.005220125429332256
D0008,7,R0094,0.004182493779808283
D0008,8,R0250,0.0038244836032390594
D0008,9,R0259,0.0038244836032390594
D0008,10,R0334,0.003736220533028245
D0009,1,R0221,0.019794780761003494
D0009,2,R0201,0.019681409001350403
D0009,3,R0095,0.017442485317587852
D0009,4,R0264,0.016029147431254387
D0009,5,R0150,0.01572399213910103
D0009,6,R0147,0.014957086183130741
D0009,7,R0222,0.014785407111048698
D0009,8,R0149,0.013689476065337658
D0009,9,R0096,0.013636835850775242
D0009,10,R0094,0.011463796719908714
D0010,1,R0087,0.8180109858512878
D0010,2,R0086,0.6577582955360413
D0010,3,R0085,0.6287493705749512
D0010,4,R0088,0.33252713084220886
D0010,5,R0089,0.28348374366760254
D0010,6,R0090,0.2658804655075073
D0010,7,R0095,0.14718705415725708
D0010,8,R0054,0.13916222751140594
D0010,9,R0264,0.13330234587192535
D0010,10,R0008,0.12776140868663788
D0011,1,R0221,0.6136996746063232
D0011,2,R0222,0.5829659700393677
D0011,3,R0081,0.5435599684715271
D0011,4,R0208,0.5178452134132385
D0011,5,R0008,0.49556365609169006
D0011,6,R0080,0.4773562550544739
D0011,7,R0006,0.468030720949173
D0011,8,R0010,0.4671798348426819
D0011,9,R0005,0.4579547345638275
D0011,10,R0017,0.4530198276042938
D0012,1,R0135,0.7897205948829651
D0012,2,R0134,0.7472472190856934
D0012,3,R0133,0.46007660031318665
D0012,4,R0165,0.1792430430650711
D0012,5,R0221,0.14069005846977234
D0012,6,R0222,0.12210386991500854
D0012,7,R0208,0.09073548763990402
D0012,8,R0096,0.08694165199995041
D0012,9,R0220,0.08434179425239563
D0012,10,R0094,0.08021324872970581
D0013,1,R0123,0.09982065856456757
D0013,2,R0122,0.09964530169963837
D0013,3,R0121,0.07864238321781158
D0013,4,R0087,0.014728614129126072
D0013,5,R0095,0.013222821988165379
D0013,6,R0120,0.012479699216783047
D0013,7,R0094,0.011029469780623913
D0013,8,R0118,0.010902374982833862
D0013,9,R0054,0.009898064658045769
D0013,10,R0126,0.009898064658045769
D0014,1,R0239,0.20946967601776123
D0014,2,R0238,0.14990432560443878
D0014,3,R0240,0.032161444425582886
D0014,4,R0201,0.029535338282585144
D0014,5,R0308,0.018941707909107208
D0014,6,R0263,0.01861780323088169
D0014,7,R0200,0.016657039523124695
D0014,8,R0147,0.016277460381388664
D0014,9,R0146,0.015247589908540249
D0014,10,R0145,0.015014749020338058
D0015,1,R0012,0.9490118622779846
D0015,2,R0011,0.9477691650390625
D0015,3,R0072,0.9466953873634338
D0015,4,R0010,0.9417614340782166
D0015,5,R0095,0.9401335716247559
D0015,6,R0024,0.939024806022644
D0015,7,R0094,0.9362850189208984
D0015,8,R0221,0.9351099133491516
D0015,9,R0071,0.9345147609710693
D0015,10,R0222,0.9322068691253662
D0016,1,R0220,0.034618835896253586
D0016,2,R0214,0.014785407111048698
D0016,3,R0095,0.014172364957630634
D0016,4,R0132,0.010902374982833862
D0016,5,R0221,0.010776725597679615
D0016,6,R0201,0.010368157178163528
D0016,7,R0094,0.00978387612849474
D0016,8,R0222,0.009596454910933971
D0016,9,R0262,0.008813166059553623
D0016,10,R0053,0.008283626288175583
D0017,1,R0088,0.8686040639877319
D0017,2,R0090,0.630571186542511
D0017,3,R0089,0.5695533752441406
D0017,4,R0054,0.5590794086456299
D0017,5,R0052,0.5429844260215759
D0017,6,R0053,0.5284573435783386
D0017,7,R0087,0.409633994102478
D0017,8,R0086,0.2989005148410797
D0017,9,R0051,0.2333567589521408
D0017,10,R0264,0.1626458615064621
D0018,1,R0301,0.6977118849754333
D0018,2,R0094,0.5597714185714722
D0018,3,R0095,0.529628336429596
D0018,4,R0302,0.505695104598999
D0018,5,R0221,0.4619268476963043
D0018,6,R0020,0.4610774517059326
D0018,7,R0017,0.45574358105659485
D0018,8,R0222,0.4005148708820343
D0018,9,R0096,0.3974705636501312
D0018,10,R0264,0.3487560451030731
D0019,1,R0071,0.671901285648346
D0019,2,R0070,0.6485776305198669
D0019,3,R0012,0.6447844505310059
D0019,4,R0072,0.643105149269104
D0019,5,R0031,0.6169934868812561
D0019,6,R0011,0.5849233269691467
D0019,7,R0087,0.5814219117164612
D0019,8,R0010,0.5469499230384827
D0019,9,R0209,0.514453649520874
D0019,10,R0052,0.5031337141990662
D0020,1,R0290,0.746508777141571
D0020,2,R0289,0.7124322652816772
D0020,3,R0291,0.6246370077133179
D0020,4,R0295,0.5372234582901001
D0020,5,R0208,0.47298774123191833
D0020,6,R0209,0.46062248945236206
D0020,7,R0300,0.448879212141037
D0020,8,R0298,0.4486979842185974
D0020,9,R0264,0.42107561230659485
D0020,10,R0095,0.36229208111763
D0021,1,R0336,0.42441198229789734
D0021,2,R0335,0.376508504152298
D0021,3,R0334,0.2760069966316223
D0021,4,R0012,0.22202466428279877
D0021,5,R0268,0.16926851868629456
D0021,6,R0270,0.1630452573299408
D0021,7,R0269,0.1534222960472107
D0021,8,R0264,0.14645308256149292
D0021,9,R0011,0.14645308256149292
D0021,10,R0221,0.12592275440692902
D0022,1,R0221,0.09318171441555023
D0022,2,R0264,0.07382971793413162
D0022,3,R0250,0.07303238660097122
D0022,4,R0096,0.07185126841068268
D0022,5,R0222,0.06536578387022018
D0022,6,R0263,0.06465348601341248
D0022,7,R0095,0.0633663460612297
D0022,8,R0251,0.06278920918703079
D0022,9,R0131,0.0593191459774971
D0022,10,R0252,0.05480259656906128
D0023,1,R0087,0.5519661903381348
D0023,2,R0024,0.5039328932762146
D0023,3,R0208,0.5033988356590271
D0023,4,R0209,0.49443838000297546
D0023,5,R0095,0.49303099513053894
D0023,6,R0094,0.4739159047603607
D0023,7,R0011,0.46001601219177246
D0023,8,R0012,0.4207780659198761
D0023,9,R0221,0.38231441378593445
D0023,10,R0264,0.36829209327697754
D0024,1,R0020,0.8024007678031921
D0024,2,R0017,0.7961340546607971
D0024,3,R0071,0.7500038743019104
D0024,4,R0091,0.6892010569572449
D0024,5,R0072,0.66888028383255
D0024,6,R0011,0.635448694229126
D0024,7,R0221,0.6352224349975586
D0024,8,R0070,0.6255524754524231
D0024,9,R0053,0.5437113642692566
D0024,10,R0024,0.5311790108680725
D0025,1,R0054,0.7583317160606384
D0025,2,R0052,0.7325918078422546
D0025,3,R0053,0.7172099947929382
D0025,4,R0046,0.6298884153366089
D0025,5,R0012,0.6183772087097168
D0025,6,R0087,0.5777336359024048
D0025,7,R0048,0.5049932599067688
D0025,8,R0071,0.4894653558731079
D0025,9,R0043,0.4800368845462799
D0025,10,R0020,0.4705997407436371
D0026,1,R0175,0.7745833992958069
D0026,2,R0185,0.7690802216529846
D0026,3,R0186,0.7157220840454102
D0026,4,R0177,0.6529055833816528
D0026,5,R0176,0.4565914571285248
D0026,6,R0184,0.06233103200793266
D0026,7,R0187,0.03271312639117241
D0026,8,R0189,0.02590802125632763
D0026,9,R0183,0.0235992930829525
D0026,10,R0179,0.02178117074072361
D0027,1,R0115,0.8112277984619141
D0027,2,R0054,0.02522682584822178
D0027,3,R0093,0.02456308901309967
D0027,4,R0106,0.02391638606786728
D0027,5,R0085,0.022457052022218704
D0027,6,R0103,0.022158868610858917
D0027,7,R0096,0.018546566367149353
D0027,8,R0052,0.01798621006309986
D0027,9,R0053,0.01737566478550434
D0027,10,R0126,0.016593176871538162
D0028,1,R0071,0.6689884066581726
D0028,2,R0070,0.6117299795150757
D0028,3,R0072,0.5523284077644348
D0028,4,R0221,0.48684996366500854
D0028,5,R0010,0.47811761498451233
D0028,6,R0208,0.4732311964035034
D0028,7,R0011,0.463262140750885
D0028,8,R0094,0.4473697543144226
D0028,9,R0095,0.43770328164100647
D0028,10,R0029,0.43344178795814514
D0029,1,R0266,0.44519782066345215
D0029,2,R0265,0.32498475909233093
D0029,3,R0267,0.137648344039917
D0029,4,R0105,0.018869254738092422
D0029,5,R0192,0.008478401228785515
D0029,6,R0271,0.006413164082914591
D0029,7,R0134,0.006314364727586508
D0029,8,R0221,0.005663865711539984
D0029,9,R0191,0.005119676236063242
D0029,10,R0095,0.004943688865751028
D0030,1,R0020,0.18535663187503815
D0030,2,R0017,0.15065254271030426
D0030,3,R0341,0.10875558853149414
D0030,4,R0010,0.10320506244897842
D0030,5,R0012,0.09417666494846344
D0030,6,R0011,0.09154440462589264
D0030,7,R0208,0.08709682524204254
D0030,8,R0264,0.08678673207759857
D0030,9,R0340,0.07821886986494064
D0030,10,R0262,0.07343005388975143
D0031,1,R0209,0.40621405839920044
D0031,2,R0264,0.3519790470600128
D0031,3,R0011,0.3472050130367279
D0031,4,R0012,0.32487764954566956
D0031,5,R0262,0.31341978907585144
D0031,6,R0263,0.29209020733833313
D0031,7,R0087,0.27904197573661804
D0031,8,R0208,0.27318641543388367
D0031,9,R0220,0.2705765664577484
D0031,10,R0222,0.23475733399391174
D0032,1,R0020,0.7701191902160645
D0032,2,R0071,0.6361271142959595
D0032,3,R0010,0.5859306454658508
D0032,4,R0070,0.584745466709137
D0032,5,R0024,0.5687152743339539
D0032,6,R0072,0.5662583708763123
D0032,7,R0023,0.5611246228218079
D0032,8,R0005,0.5598917007446289
D0032,9,R0011,0.5586881637573242
D0032,10,R0221,0.5396504402160645
D0033,1,R0220,0.41946956515312195
D0033,2,R0221,0.3112174868583679
D0033,3,R0222,0.30611205101013184
D0033,4,R0094,0.26664361357688904
D0033,5,R0095,0.23475733399391174
D0033,6,R0208,0.21900326013565063
D0033,7,R0054,0.1977541446685791
D0033,8,R0096,0.19590157270431519
D0033,9,R0053,0.18344728648662567
D0033,10,R0020,0.1755380779504776
D0034,1,R0322,0.3176378905773163
D0034,2,R0318,0.3051794171333313
D0034,3,R0315,0.2349328249692917
D0034,4,R0324,0.23231014609336853
D0034,5,R0316,0.22815649211406708
D0034,6,R0323,0.18550412356853485
D0034,7,R0319,0.17567944526672363
D0034,8,R0313,0.16478508710861206
D0034,9,R0314,0.1517806202173233
D0034,10,R0321,0.14282865822315216
D0035,1,R0144,0.35220175981521606
D0035,2,R0143,0.30954527854919434
D0035,3,R0142,0.15077753365039825
D0035,4,R0147,0.08834722638130188
D0035,5,R0146,0.08225394785404205
D0035,6,R0145,0.07250525057315826
D0035,7,R0052,0.07004895806312561
D0035,8,R0096,0.06730107218027115
D0035,9,R0054,0.06584469974040985
D0035,10,R0253,0.06572466343641281
D0036,1,R0318,0.40821778774261475
D0036,2,R0316,0.3830064833164215
D0036,3,R0323,0.23161423206329346
D0036,4,R0319,0.2233770787715912
D0036,5,R0314,0.21060390770435333
D0036,6,R0313,0.20995521545410156
D0036,7,R0315,0.20882359147071838
D0036,8,R0320,0.20465964078903198
D0036,9,R0321,0.1994638890028
D0036,10,R0322,0.16277891397476196
D0037,1,R0020,0.43062615394592285
D0037,2,R0096,0.3493107259273529
D0037,3,R0131,0.32648614048957825
D0037,4,R0005,0.3065270483493805
D0037,5,R0055,0.24544657766819
D0037,6,R0024,0.2252461463212967
D0037,7,R0071,0.20008835196495056
D0037,8,R0095,0.19868534803390503
D0037,9,R0072,0.19868534803390503
D0037,10,R0087,0.16940586268901825
D0038,1,R0221,0.6432172656059265
D0038,2,R0095,0.5642185211181641
D0038,3,R0010,0.5364646911621094
D0038,4,R0222,0.5333974361419678
D0038,5,R0264,0.5328201651573181
D0038,6,R0094,0.5278337001800537
D0038,7,R0070,0.5274534225463867
D0038,8,R0012,0.5011920928955078
D0038,9,R0072,0.4984254539012909
D0038,10,R0196,0.4595915377140045
D0039,1,R0313,0.21750368177890778
D0039,2,R0314,0.2120688259601593
D0039,3,R0315,0.1653234362602234
D0039,4,R0316,0.06941547244787216
D0039,5,R0318,0.06620602309703827
D0039,6,R0264,0.06548520922660828
D0039,7,R0322,0.05899302288889885
D0039,8,R0323,0.05490385368466377
D0039,9,R0262,0.054198723286390305
D0039,10,R0324,0.04867657274007797
D0040,1,R0127,0.7343100905418396
D0040,2,R0129,0.6941990256309509
D0040,3,R0128,0.5615153908729553
D0040,4,R0201,0.06596493721008301
D0040,5,R0131,0.06142404302954674
D0040,6,R0200,0.03179866820573807
D0040,7,R0053,0.012673736549913883
D0040,8,R0054,0.011419613845646381
D0040,9,R0052,0.010986941866576672
D0040,10,R0072,0.009936418384313583
D0041,1,R0333,0.2359876036643982
D0041,2,R0332,0.22270013391971588
D0041,3,R0157,0.17681369185447693
D0041,4,R0158,0.13352815806865692
D0041,5,R0331,0.06198946014046669
D0041,6,R0096,0.0616496242582798
D0041,7,R0266,0.058884695172309875
D0041,8,R0154,0.057705316692590714
D0041,9,R0265,0.05429893732070923
D0041,10,R0264,0.053502149879932404
D0042,1,R0010,0.7293270230293274
D0042,2,R0208,0.7256486415863037
D0042,3,R0131,0.7254541516304016
D0042,4,R0204,0.7049732804298401
D0042,5,R0222,0.7020196318626404
D0042,6,R0209,0.6923300623893738
D0042,7,R0024,0.6573184728622437
D0042,8,R0020,0.6567683815956116
D0042,9,R0011,0.6454551815986633
D0042,10,R0350,0.6453434824943542
D0043,1,R0308,0.5084297060966492
D0043,2,R0309,0.47790437936782837
D0043,3,R0262,0.1261378973722458
D0043,4,R0251,0.03796369582414627
D0043,5,R0250,0.03321117162704468
D0043,6,R0271,0.03222229704260826
D0043,7,R0276,0.03004336729645729
D0043,8,R0252,0.029367854818701744
D0043,9,R0274,0.026963500306010246
D0043,10,R0264,0.02522682584822178
D0044,1,R0011,0.851952850818634
D0044,2,R0012,0.8390757441520691
D0044,3,R0010,0.8255897164344788
D0044,4,R0008,0.8100284934043884
D0044,5,R0009,0.8092759251594543
D0044,6,R0020,0.7067979574203491
D0044,7,R0007,0.6894102096557617
D0044,8,R0264,0.6656279563903809
D0044,9,R0016,0.6624690294265747
D0044,10,R0017,0.6245225667953491
D0045,1,R0113,0.07017629593610764
D0045,2,R0108,0.0616496242582798
D0045,3,R0087,0.036838702857494354
D0045,4,R0072,0.020884215831756592
D0045,5,R0070,0.01353214867413044
D0045,6,R0264,0.008745181374251842
D0045,7,R0093,0.008478401228785515
D0045,8,R0126,0.008283626288175583
D0045,9,R0020,0.008251599036157131
D0045,10,R0071,0.00821969285607338
D0046,1,R0322,0.24006125330924988
D0046,2,R0324,0.19314736127853394
D0046,3,R0315,0.16749083995819092
D0046,4,R0313,0.12656909227371216
D0046,5,R0318,0.09670579433441162
D0046,6,R0314,0.09501305222511292
D0046,7,R0316,0.08555634319782257
D0046,8,R0323,0.057705316692590714
D0046,9,R0319,0.04716186597943306
D0046,10,R0321,0.04535258188843727
D0047,1,R0088,0.6397360563278198
D0047,2,R0255,0.44996657967567444
D0047,3,R0253,0.4429376721382141
D0047,4,R0054,0.43404144048690796
D0047,5,R0052,0.4234579801559448
D0047,6,R0053,0.39600974321365356
D0047,7,R0090,0.3392801284790039
D0047,8,R0254,0.31289464235305786
D0047,9,R0257,0.20817892253398895
D0047,10,R0131,0.1875787377357483
D0048,1,R0095,0.04804735630750656
D0048,2,R0241,0.04620574414730072
D0048,3,R0243,0.043691061437129974
D0048,4,R0242,0.043691061437129974
D0048,5,R0094,0.042245496064424515
D0048,6,R0096,0.04153996706008911
D0048,7,R0221,0.03594832494854927
D0048,8,R0208,0.03085050918161869
D0048,9,R0250,0.02681019715964794
D0048,10,R0087,0.026657739654183388
D0049,1,R0032,0.42465054988861084
D0049,2,R0031,0.419291228055954
D0049,3,R0015,0.4170340299606323
D0049,4,R0033,0.3420218825340271
D0049,5,R0011,0.2864685654640198
D0049,6,R0010,0.2632204294204712
D0049,7,R0012,0.26057758927345276
D0049,8,R0008,0.16451646387577057
D0049,9,R0007,0.1037486344575882
D0049,10,R0016,0.09859886765480042
D0050,1,R0190,0.3300391733646393
D0050,2,R0179,0.06804041564464569
D0050,3,R0180,0.06742377579212189
D0050,4,R0196,0.037892427295446396
D0050,5,R0194,0.030675802379846573
D0050,6,R0186,0.023509452119469643
D0050,7,R0195,0.021491764113307
D0050,8,R0187,0.016657039523124695
D0050,9,R0175,0.012821214273571968
D0050,10,R0095,0.012527932412922382
D0051,1,R0273,0.08093670755624771
D0051,2,R0322,0.07107366621494293
D0051,3,R0272,0.06406543403863907
D0051,4,R0271,0.06313490122556686
D0051,5,R0095,0.056966383010149
D0051,6,R0096,0.055005285888910294
D0051,7,R0264,0.05439931899309158
D0051,8,R0094,0.053799647837877274
D0051,9,R0023,0.051653776317834854
D0051,10,R0024,0.04940524324774742
D0052,1,R0354,0.14535781741142273
D0052,2,R0352,0.13006426393985748
D0052,3,R0183,0.0676698088645935
D0052,4,R0182,0.047691281884908676
D0052,5,R0181,0.04594821110367775
D0052,6,R0095,0.032405514270067215
D0052,7,R0178,0.031439851969480515
D0052,8,R0196,0.030733928084373474
D0052,9,R0179,0.02992974780499935
D0052,10,R0180,0.02970374934375286
D0053,1,R0237,0.7611836194992065
D0053,2,R0222,0.6163586974143982
D0053,3,R0235,0.6010668277740479
D0053,4,R0221,0.5905430912971497
D0053,5,R0224,0.4584699273109436
D0053,6,R0262,0.3483125567436218
D0053,7,R0227,0.31933358311653137
D0053,8,R0264,0.31573596596717834
D0053,9,R0220,0.3086068332195282
D0053,10,R0005,0.298082560300827
D0054,1,R0204,0.8984104990959167
D0054,2,R0202,0.8949732184410095
D0054,3,R0203,0.7919819355010986
D0054,4,R0262,0.6660624742507935
D0054,5,R0209,0.5226742625236511
D0054,6,R0264,0.49683961272239685
D0054,7,R0071,0.3677242696285248
D0054,8,R0012,0.3379678428173065
D0054,9,R0011,0.3053865134716034
D0054,10,R0221,0.26114246249198914
D0055,1,R0257,0.5574839115142822
D0055,2,R0221,0.2278127372264862
D0055,3,R0256,0.21354113519191742
D0055,4,R0222,0.19253936409950256
D0055,5,R0024,0.1872812658548355
D0055,6,R0264,0.18447348475456238
D0055,7,R0262,0.1830088496208191
D0055,8,R0268,0.18198898434638977
D0055,9,R0096,0.1755380779504776
D0055,10,R0095,0.15791445970535278
D0056,1,R0174,0.7964508533477783
D0056,2,R0172,0.7452130317687988
D0056,3,R0173,0.6570984721183777
D0056,4,R0221,0.568116307258606
D0056,5,R0222,0.5193080306053162
D0056,6,R0264,0.43914595246315
D0056,7,R0095,0.3988746404647827
D0056,8,R0196,0.324556440114975
D0056,9,R0012,0.30445513129234314
D0056,10,R0094,0.28746768832206726
D0057,1,R0221,0.5367985367774963
D0057,2,R0222,0.4690034091472626
D0057,3,R0224,0.4207780659198761
D0057,4,R0237,0.39729517698287964
D0057,5,R0262,0.37170660495758057
D0057,6,R0095,0.3604890704154968
D0057,7,R0227,0.3466518819332123
D0057,8,R0094,0.33220207691192627
D0057,9,R0020,0.32885265350341797
D0057,10,R0208,0.32766830921173096
D0058,1,R0221,0.633976936340332
D0058,2,R0094,0.5920181274414062
D0058,3,R0095,0.5879430770874023
D0058,4,R0208,0.5655386447906494
D0058,5,R0209,0.5226590633392334
D0058,6,R0222,0.5066066384315491
D0058,7,R0196,0.5019874572753906
D0058,8,R0010,0.5008153915405273
D0058,9,R0024,0.4798997938632965
D0058,10,R0096,0.4659646153450012
D0059,1,R0221,0.7523766160011292
D0059,2,R0222,0.7403621077537537
D0059,3,R0020,0.7100254893302917
D0059,4,R0012,0.6804540753364563
D0059,5,R0010,0.669204592704773
D0059,6,R0138,0.6627964973449707
D0059,7,R0017,0.606381893157959
D0059,8,R0011,0.5868188142776489
D0059,9,R0136,0.5837966799736023
D0059,10,R0137,0.5826691389083862
D0060,1,R0221,0.5498823523521423
D0060,2,R0222,0.5470709204673767
D0060,3,R0264,0.3808165192604065
D0060,4,R0162,0.3803560733795166
D0060,5,R0095,0.3466518819332123
D0060,6,R0094,0.3418021500110626
D0060,7,R0012,0.3213534951210022
D0060,8,R0208,0.3112174868583679
D0060,9,R0006,0.30239108204841614
D0060,10,R0011,0.2970619201660156
D0061,1,R0234,0.4169153571128845
D0061,2,R0232,0.37570643424987793
D0061,3,R0131,0.2531217932701111
D0061,4,R0094,0.23440666496753693
D0061,5,R0095,0.22185605764389038
D0061,6,R0220,0.19299523532390594
D0061,7,R0221,0.18242552876472473
D0061,8,R0024,0.17133833467960358
D0061,9,R0233,0.1703699231147766
D0061,10,R0010,0.16599829494953156
D0062,1,R0020,0.3146820068359375
D0062,2,R0010,0.07835980504751205
D0062,3,R0055,0.07835980504751205
D0062,4,R0052,0.07120272517204285
D0062,5,R0011,0.0555151142179966
D0062,6,R0054,0.05510689690709114
D0062,7,R0021,0.05449987202882767
D0062,8,R0053,0.051653776317834854
D0062,9,R0019,0.05042406916618347
D0062,10,R0014,0.0361519381403923
D0063,1,R0344,0.6167050004005432
D0063,2,R0343,0.5097339153289795
D0063,3,R0264,0.17398883402347565
D0063,4,R0262,0.15152932703495026
D0063,5,R0345,0.11240508407354355
D0063,6,R0221,0.11124119907617569
D0063,7,R0220,0.09451042860746384
D0063,8,R0222,0.09252364933490753
D0063,9,R0341,0.06548520922660828
D0063,10,R0096,0.06325051933526993
D0064,1,R0178,0.6804540753364563
D0064,2,R0221,0.6423202753067017
D0064,3,R0222,0.605682373046875
D0064,4,R0011,0.5913102626800537
D0064,5,R0179,0.5597714185714722
D0064,6,R0196,0.5545608997344971
D0064,7,R0183,0.5349769592285156
D0064,8,R0020,0.5325466990470886
D0064,9,R0012,0.5287919640541077
D0064,10,R0180,0.5283204913139343
D0065,1,R0139,0.5706902742385864
D0065,2,R0140,0.4791076183319092
D0065,3,R0221,0.45286858081817627
D0065,4,R0222,0.4255455732345581
D0065,5,R0141,0.41205689311027527
D0065,6,R0220,0.33742183446884155
D0065,7,R0012,0.3356774151325226
D0065,8,R0137,0.32993122935295105
D0065,9,R0138,0.3261640965938568
D0065,10,R0136,0.3255205452442169
D0066,1,R0011,0.8299059271812439
D0066,2,R0010,0.8288003206253052
D0066,3,R0012,0.783160388469696
D0066,4,R0008,0.7204666137695312
D0066,5,R0021,0.6703925132751465
D0066,6,R0007,0.6679062247276306
D0066,7,R0009,0.6257811784744263
D0066,8,R0024,0.5717666149139404
D0066,9,R0005,0.5544704794883728
D0066,10,R0004,0.5124714970588684
D0067,1,R0070,0.3988161087036133
D0067,2,R0071,0.38404548168182373
D0067,3,R0072,0.3449949324131012
D0067,4,R0027,0.2230384200811386
D0067,5,R0053,0.18476751446723938
D0067,6,R0026,0.18053968250751495
D0067,7,R0020,0.16586315631866455
D0067,8,R0054,0.16398026049137115
D0067,9,R0095,0.12885363399982452
D0067,10,R0052,0.12874405086040497
D0068,1,R0097,0.7509182095527649
D0068,2,R0098,0.6581978797912598
D0068,3,R0087,0.41727152466773987
D0068,4,R0221,0.39940160512924194
D0068,5,R0264,0.31111282110214233
D0068,6,R0017,0.2995148003101349
D0068,7,R0011,0.28626900911331177
D0068,8,R0262,0.28388065099716187
D0068,9,R0012,0.2809121608734131
D0068,10,R0222,0.27963173389434814
D0069,1,R0016,0.7478001117706299
D0069,2,R0010,0.42274293303489685
D0069,3,R0011,0.3885599970817566
D0069,4,R0012,0.3298233151435852
D0069,5,R0007,0.1603974997997284
D0069,6,R0015,0.15869519114494324
D0069,7,R0008,0.14645308256149292
D0069,8,R0018,0.09334687888622284
D0069,9,R0094,0.0684129148721695
D0069,10,R0072,0.06742377579212189
D0070,1,R0105,0.104843370616436
D0070,2,R0104,0.1041124016046524
D0070,3,R0102,0.0991208627820015
D0070,4,R0054,0.09009299427270889
D0070,5,R0052,0.0844927504658699
D0070,6,R0053,0.0838903859257698
D0070,7,R0208,0.059756580740213394
D0070,8,R0209,0.047691281884908676
D0070,9,R0024,0.0468120314180851
D0070,10,R0020,0.0427221953868866
D0071,1,R0273,0.3794358968734741
D0071,2,R0271,0.3643251061439514
D0071,3,R0279,0.32263270020484924
D0071,4,R0258,0.2753245234489441
D0071,5,R0272,0.21535076200962067
D0071,6,R0274,0.1919327825307846
D0071,7,R0020,0.18907149136066437
D0071,8,R0257,0.18847329914569855
D0071,9,R0278,0.18698416650295258
D0071,10,R0252,0.1651887148618698
D0072,1,R0042,0.9174507260322571
D0072,2,R0070,0.7215470671653748
D0072,3,R0072,0.7082125544548035
D0072,4,R0071,0.6656279563903809
D0072,5,R0095,0.2785510718822479
D0072,6,R0221,0.2573915719985962
D0072,7,R0094,0.25275275111198425
D0072,8,R0096,0.2372223138809204
D0072,9,R0222,0.2146914303302765
D0072,10,R0006,0.20609396696090698
D0073,1,R0220,0.8563323616981506
D0073,2,R0221,0.8164063692092896
D0073,3,R0222,0.7961340546607971
D0073,4,R0020,0.723504900932312
D0073,5,R0071,0.6268097162246704
D0073,6,R0272,0.574573814868927
D0073,7,R0336,0.5733798742294312
D0073,8,R0010,0.5679365992546082
D0073,9,R0264,0.5670377612113953
D0073,10,R0335,0.5631977915763855
D0074,1,R0289,0.683208167552948
D0074,2,R0290,0.6826795339584351
D0074,3,R0291,0.6450081467628479
D0074,4,R0295,0.527255654335022
D0074,5,R0300,0.49695974588394165
D0074,6,R0297,0.40627291798591614
D0074,7,R0298,0.40139445662498474
D0074,8,R0296,0.39210402965545654
D0074,9,R0294,0.37022536993026733
D0074,10,R0292,0.36851930618286133
D0075,1,R0324,0.2018132209777832
D0075,2,R0322,0.1516549438238144
D0075,3,R0264,0.12116485089063644
D0075,4,R0323,0.09089674800634384
D0075,5,R0314,0.0892956480383873
D0075,6,R0313,0.08269733935594559
D0075,7,R0095,0.07517640292644501
D0075,8,R0318,0.07423137128353119
D0075,9,R0094,0.07224299758672714
D0075,10,R0315,0.06681232154369354
D0076,1,R0020,0.3408142030239105
D0076,2,R0131,0.3391706645488739
D0076,3,R0111,0.332093745470047
D0076,4,R0017,0.28477486968040466
D0076,5,R0114,0.26303109526634216
D0076,6,R0126,0.25091278553009033
D0076,7,R0085,0.15908671915531158
D0076,8,R0110,0.15856485068798065
D0076,9,R0222,0.15266279876232147
D0076,10,R0086,0.15052762627601624
D0077,1,R0067,0.30167052149772644
D0077,2,R0221,0.22354651987552643
D0077,3,R0020,0.20149880647659302
D0077,4,R0024,0.16803622245788574
D0077,5,R0222,0.14306792616844177
D0077,6,R0096,0.14270912110805511
D0077,7,R0005,0.13869494199752808
D0077,8,R0030,0.135232076048851
D0077,9,R0023,0.12852513790130615
D0077,10,R0006,0.1252792477607727
D0078,1,R0070,0.8998277187347412
D0078,2,R0071,0.8964328765869141
D0078,3,R0072,0.8856314420700073
D0078,4,R0095,0.6328431367874146
D0078,5,R0094,0.6297746300697327
D0078,6,R0264,0.5838559865951538
D0078,7,R0221,0.5648187398910522
D0078,8,R0096,0.5400446653366089
D0078,9,R0222,0.5250644683837891
D0078,10,R0010,0.443208783864975
D0079,1,R0222,0.5843898057937622
D0079,2,R0221,0.5032214522361755
D0079,3,R0194,0.47058454155921936
D0079,4,R0195,0.45901551842689514
D0079,5,R0005,0.3796083331108093
D0079,6,R0262,0.36579644680023193
D0079,7,R0012,0.3608268201351166
D0079,8,R0096,0.3555510938167572
D0079,9,R0055,0.35253605246543884
D0079,10,R0011,0.3302551507949829
D0080,1,R0072,0.2902761995792389
D0080,2,R0262,0.28567078709602356
D0080,3,R0208,0.26473838090896606
D0080,4,R0070,0.249996155500412
D0080,5,R0052,0.20721471309661865
D0080,6,R0054,0.20593424141407013
D0080,7,R0008,0.19728974997997284
D0080,8,R0209,0.189671128988266
D0080,9,R0221,0.18155324459075928
D0080,10,R0071,0.17245040833950043
D0081,1,R0322,0.2742541432380676
D0081,2,R0318,0.2649284899234772
D0081,3,R0324,0.20833994448184967
D0081,4,R0316,0.20561504364013672
D0081,5,R0315,0.19559408724308014
D0081,6,R0323,0.16238002479076385
D0081,7,R0313,0.16184942424297333
D0081,8,R0314,0.12951278686523438
D0081,9,R0319,0.12819735705852509
D0081,10,R0321,0.10017222166061401
D0082,1,R0222,0.6843695044517517
D0082,2,R0012,0.6649755239486694
D0082,3,R0011,0.6233768463134766
D0082,4,R0010,0.6178585886955261
D0082,5,R0221,0.5895982384681702
D0082,6,R0071,0.5717666149139404
D0082,7,R0209,0.5514529347419739
D0082,8,R0094,0.536737859249115
D0082,9,R0095,0.5352502465248108
D0082,10,R0262,0.5275142788887024
D0083,1,R0329,0.33524200320243835
D0083,2,R0221,0.296043336391449
D0083,3,R0222,0.2730894684791565
D0083,4,R0323,0.22051025927066803
D0083,5,R0318,0.1630452573299408
D0083,6,R0264,0.1555909961462021
D0083,7,R0324,0.1474323868751526
D0083,8,R0023,0.14706450700759888
D0083,9,R0320,0.13951356709003448
D0083,10,R0322,0.13776430487632751
D0084,1,R0109,0.40697982907295227
D0084,2,R0096,0.06536578387022018
D0084,3,R0110,0.06119922548532486
D0084,4,R0113,0.03422932326793671
D0084,5,R0093,0.024516336619853973
D0084,6,R0108,0.018833130598068237
D0084,7,R0255,0.014615669846534729
D0084,8,R0111,0.011915022507309914
D0084,9,R0054,0.010052368976175785
D0084,10,R0053,0.00937623716890812
D0085,1,R0020,0.6417592167854309
D0085,2,R0017,0.5841525197029114
D0085,3,R0019,0.5590794086456299
D0085,4,R0016,0.4978771209716797
D0085,5,R0252,0.43578144907951355
D0085,6,R0273,0.42602306604385376
D0085,7,R0272,0.411583811044693
D0085,8,R0015,0.409633994102478
D0085,9,R0271,0.3965354263782501
D0085,10,R0261,0.37880370020866394
D0086,1,R0023,0.6974028944969177
D0086,2,R0021,0.6647579669952393
D0086,3,R0022,0.6278371214866638
D0086,4,R0020,0.6049825549125671
D0086,5,R0024,0.58521968126297
D0086,6,R0222,0.42274293303489685
D0086,7,R0011,0.3812771439552307
D0086,8,R0221,0.3568948209285736
D0086,9,R0016,0.3474263846874237
D0086,10,R0010,0.3388424217700958
D0087,1,R0058,0.8290771842002869
D0087,2,R0060,0.8134608268737793
D0087,3,R0061,0.8077641129493713
D0087,4,R0062,0.8065480589866638
D0087,5,R0059,0.7978719472885132
D0087,6,R0063,0.7618929743766785
D0087,7,R0054,0.6788594722747803
D0087,8,R0053,0.6440012454986572
D0087,9,R0052,0.628065288066864
D0087,10,R0221,0.5715872645378113
D0088,1,R0209,0.6780072450637817
D0088,2,R0221,0.6741577386856079
D0088,3,R0220,0.6482437252998352
D0088,4,R0222,0.6465717554092407
D0088,5,R0012,0.5770783424377441
D0088,6,R0071,0.5684756636619568
D0088,7,R0070,0.4864230155944824
D0088,8,R0011,0.48122525215148926
D0088,9,R0208,0.45144739747047424
D0088,10,R0262,0.44694724678993225
D0089,1,R0284,0.16749083995819092
D0089,2,R0285,0.15456733107566833
D0089,3,R0283,0.06669065356254578
D0089,4,R0290,0.04646466672420502
D0089,5,R0289,0.0384661927819252
D0089,6,R0291,0.023286305367946625
D0089,7,R0096,0.023065226152539253
D0089,8,R0298,0.019419347867369652
D0089,9,R0095,0.01908743381500244
D0089,10,R0300,0.01615283451974392
D0090,1,R0162,0.3925696909427643
D0090,2,R0221,0.3030094802379608
D0090,3,R0161,0.2894721031188965
D0090,4,R0264,0.26511871814727783
D0090,5,R0222,0.2557152211666107
D0090,6,R0160,0.23475733399391174
D0090,7,R0170,0.23231014609336853
D0090,8,R0095,0.20689405500888824
D0090,9,R0094,0.18609505891799927
D0090,10,R0012,0.17809657752513885
D0091,1,R0290,0.6485776305198669
D0091,2,R0289,0.6319350600242615
D0091,3,R0291,0.6098146438598633
D0091,4,R0298,0.44830548763275146
D0091,5,R0300,0.4451676905155182
D0091,6,R0293,0.3999873995780945
D0091,7,R0294,0.3942592740058899
D0091,8,R0292,0.39187127351760864
D0091,9,R0299,0.3900691866874695
D0091,10,R0296,0.38139235973358154
D0092,1,R0335,0.2286728471517563
D0092,2,R0336,0.22644133865833282
D0092,3,R0334,0.041773878037929535
D0092,4,R0339,0.03711691126227379
D0092,5,R0337,0.029816539958119392
D0092,6,R0271,0.014447852037847042
D0092,7,R0273,0.012336100451648235
D0092,8,R0206,0.0077555361203849316
D0092,9,R0262,0.007093862164765596
D0092,10,R0264,0.006692850962281227
D0093,1,R0078,0.859663724899292
D0093,2,R0076,0.79739910364151
D0093,3,R0077,0.7951813340187073
D0093,4,R0074,0.7716715335845947
D0093,5,R0066,0.6787529587745667
D0093,6,R0075,0.6744794249534607
D0093,7,R0071,0.627266526222229
D0093,8,R0094,0.6018860936164856
D0093,9,R0095,0.5925487279891968
D0093,10,R0012,0.5892437100410461
D0094,1,R0004,0.9367494583129883
D0094,2,R0005,0.9124361872673035
D0094,3,R0012,0.9116528034210205
D0094,4,R0010,0.9012274742126465
D0094,5,R0011,0.9007046222686768
D0094,6,R0008,0.87169349193573
D0094,7,R0020,0.851212203502655
D0094,8,R0006,0.8254490494728088
D0094,9,R0222,0.7897205948829651
D0094,10,R0007,0.7781439423561096
D0095,1,R0290,0.3463202118873596
D0095,2,R0289,0.3392801284790039
D0095,3,R0291,0.31394535303115845
D0095,4,R0294,0.24095316231250763
D0095,5,R0293,0.24059611558914185
D0095,6,R0292,0.23846149444580078
D0095,7,R0262,0.15304215252399445
D0095,8,R0264,0.1520322561264038
D0095,9,R0299,0.09203285723924637
D0095,10,R0043,0.07935289293527603
D0096,1,R0101,0.6361271142959595
D0096,2,R0100,0.5135007500648499
D0096,3,R0104,0.2750323712825775
D0096,4,R0095,0.268749475479126
D0096,5,R0045,0.26549941301345825
D0096,6,R0052,0.25478699803352356
D0096,7,R0054,0.25219982862472534
D0096,8,R0094,0.2501792907714844
D0096,9,R0264,0.24671480059623718
D0096,10,R0087,0.23458196222782135
D0097,1,R0332,0.5038051009178162
D0097,2,R0333,0.4807833433151245
D0097,3,R0220,0.2689414322376251
D0097,4,R0209,0.2523840367794037
D0097,5,R0264,0.2420264333486557
D0097,6,R0221,0.20197059214115143
D0097,7,R0262,0.20008835196495056
D0097,8,R0094,0.1911766231060028
D0097,9,R0095,0.18847329914569855
D0097,10,R0222,0.18126320838928223
D0098,1,R0318,0.3770817816257477
D0098,2,R0316,0.2901756167411804
D0098,3,R0313,0.2884688675403595
D0098,4,R0323,0.24562746286392212
D0098,5,R0314,0.23651622235774994
D0098,6,R0322,0.23022674024105072
D0098,7,R0315,0.21452681720256805
D0098,8,R0319,0.1902722269296646
D0098,9,R0324,0.15869519114494324
D0098,10,R0321,0.13432104885578156
D0099,1,R0053,0.8380180597305298
D0099,2,R0052,0.7981867790222168
D0099,3,R0054,0.7595822811126709
D0099,4,R0011,0.5780314207077026
D0099,5,R0010,0.5630176067352295
D0099,6,R0008,0.5423482656478882
D0099,7,R0094,0.5314829349517822
D0099,8,R0012,0.5230092406272888
D0099,9,R0095,0.5128298401832581
D0099,10,R0051,0.5075219869613647
D0100,1,R0282,0.06313490122556686
D0100,2,R0281,0.06142404302954674
D0100,3,R0318,0.043936531990766525
D0100,4,R0316,0.04038906842470169
D0100,5,R0244,0.037467505782842636
D0100,6,R0247,0.034618835896253586
D0100,7,R0246,0.03120281919836998
D0100,8,R0245,0.030157409608364105
D0100,9,R0280,0.028544150292873383
D0100,10,R0313,0.02784845046699047
D0101,1,R0052,0.5212579369544983
D0101,2,R0054,0.4870787262916565
D0101,3,R0065,0.464840829372406
D0101,4,R0053,0.43881523609161377
D0101,5,R0051,0.17356818914413452
D0101,6,R0010,0.16118815541267395
D0101,7,R0072,0.12603028118610382
D0101,8,R0095,0.12485182285308838
D0101,9,R0094,0.11920291930437088
D0101,10,R0043,0.10320506244897842
D0102,1,R0322,0.16105617582798004
D0102,2,R0324,0.08897849172353745
D0102,3,R0315,0.01024860143661499
D0102,4,R0313,0.009746103547513485
D0102,5,R0314,0.008478401228785515
D0102,6,R0358,0.006850480102002621
D0102,7,R0320,0.00651349825784564
D0102,8,R0318,0.0060739340260624886
D0102,9,R0316,0.005797401536256075
D0102,10,R0355,0.005598248913884163
D0103,1,R0058,0.8033281564712524
D0103,2,R0060,0.8017807006835938
D0103,3,R0061,0.7972412705421448
D0103,4,R0062,0.7962924242019653
D0103,5,R0059,0.7943849563598633
D0103,6,R0063,0.7594038844108582
D0103,7,R0054,0.6627964973449707
D0103,8,R0053,0.6246370077133179
D0103,9,R0052,0.6102792620658875
D0103,10,R0221,0.5648787617683411
D0104,1,R0263,0.28348374366760254
D0104,2,R0250,0.0938439592719078
D0104,3,R0273,0.0676698088645935
D0104,4,R0259,0.06644792854785919
D0104,5,R0271,0.06465348601341248
D0104,6,R0270,0.0634823590517044
D0104,7,R0264,0.0626743733882904
D0104,8,R0261,0.06198946014046669
D0104,9,R0221,0.05997643992304802
D0104,10,R0252,0.05561760812997818
D0105,1,R0209,0.4720141589641571
D0105,2,R0210,0.45102423429489136
D0105,3,R0208,0.37250518798828125
D0105,4,R0149,0.07043161988258362
D0105,5,R0204,0.0676698088645935
D0105,6,R0150,0.03760863468050957
D0105,7,R0096,0.03622005507349968
D0105,8,R0095,0.026405517011880875
D0105,9,R0202,0.025565214455127716
D0105,10,R0203,0.023962024599313736
D0106,1,R0072,0.35353976488113403
D0106,2,R0070,0.3527590036392212
D0106,3,R0208,0.351311057806015
D0106,4,R0071,0.3464307188987732
D0106,5,R0221,0.34587815403938293
D0106,6,R0205,0.34037554264068604
D0106,7,R0209,0.33829569816589355
D0106,8,R0023,0.3145767152309418
D0106,9,R0053,0.3005402386188507
D0106,10,R0222,0.2952299118041992
D0107,1,R0165,0.5139963030815125
D0107,2,R0163,0.41312193870544434
D0107,3,R0170,0.3761647045612335
D0107,4,R0264,0.25423112511634827
D0107,5,R0169,0.1790994256734848
D0107,6,R0164,0.11920291930437088
D0107,7,R0167,0.10762491822242737
D0107,8,R0263,0.09859886765480042
D0107,9,R0168,0.09825222939252853
D0107,10,R0272,0.08961381763219833
D0108,1,R0152,0.9310875535011292
D0108,2,R0153,0.8629302382469177
D0108,3,R0143,0.07055959850549698
D0108,4,R0144,0.06742377579212189
D0108,5,R0147,0.06119922548532486
D0108,6,R0146,0.0586685985326767
D0108,7,R0145,0.05813159793615341
D0108,8,R0142,0.046378202736377716
D0108,9,R0149,0.043204035609960556
D0108,10,R0150,0.03697755187749863
D0109,1,R0043,0.6008911728858948
D0109,2,R0045,0.2787473499774933
D0109,3,R0044,0.20930801331996918
D0109,4,R0237,0.07068779319524765
D0109,5,R0096,0.0650087296962738
D0109,6,R0053,0.05203782394528389
D0109,7,R0236,0.04569203406572342
D0109,8,R0054,0.0443485826253891
D0109,9,R0222,0.043936531990766525
D0109,10,R0052,0.0389750711619854
D0110,1,R0348,0.1225232183933258
D0110,2,R0347,0.08314290642738342
D0110,3,R0351,0.05042406916618347
D0110,4,R0346,0.042166538536548615
D0110,5,R0262,0.018761085346341133
D0110,6,R0350,0.012241275049746037
D0110,7,R0264,0.00937623716890812
D0110,8,R0349,0.008745181374251842
D0110,9,R0196,0.00821969285607338
D0110,10,R0268,0.0075479233637452126
D0111,1,R0201,0.7685595154762268
D0111,2,R0222,0.6027047634124756
D0111,3,R0221,0.5946100950241089
D0111,4,R0336,0.5853381752967834
D0111,5,R0335,0.5732603669166565
D0111,6,R0071,0.533822774887085
D0111,7,R0196,0.5299020409584045
D0111,8,R0264,0.5060116648674011
D0111,9,R0208,0.5057485103607178
D0111,10,R0220,0.48794791102409363
D0112,1,R0034,0.6862649321556091
D0112,2,R0035,0.6296607851982117
D0112,3,R0010,0.09518112242221832
D0112,4,R0070,0.08021324872970581
D0112,5,R0072,0.07864238321781158
D0112,6,R0012,0.06816437095403671
D0112,7,R0011,0.06418264657258987
D0112,8,R0008,0.04008735716342926
D0112,9,R0003,0.03649376705288887
D0112,10,R0020,0.0350126251578331
D0113,1,R0286,0.10070161521434784
D0113,2,R0284,0.039713259786367416
D0113,3,R0285,0.02859835885465145
D0113,4,R0264,0.027169233188033104
D0113,5,R0020,0.026455774903297424
D0113,6,R0262,0.023330770432949066
D0113,7,R0276,0.02280263602733612
D0113,8,R0196,0.021368887275457382
D0113,9,R0261,0.01919744908809662
D0113,10,R0094,0.019050899893045425
D0114,1,R0359,0.4460422694683075
D0114,2,R0196,0.441311776638031
D0114,3,R0206,0.43458127975463867
D0114,4,R0262,0.41519519686698914
D0114,5,R0221,0.41122910380363464
D0114,6,R0360,0.38341042399406433
D0114,7,R0209,0.3770817816257477
D0114,8,R0010,0.34764787554740906
D0114,9,R0208,0.3470943570137024
D0114,10,R0053,0.3305792510509491
D0115,1,R0082,0.5887118577957153
D0115,2,R0083,0.4348212480545044
D0115,3,R0084,0.349643737077713
D0115,4,R0053,0.2078571617603302
D0115,5,R0070,0.20275871455669403
D0115,6,R0071,0.1946738213300705
D0115,7,R0221,0.18683576583862305
D0115,8,R0008,0.17709815502166748
D0115,9,R0072,0.16871994733810425
D0115,10,R0006,0.16653981804847717
D0116,1,R0094,0.25183168053627014
D0116,2,R0096,0.02822098508477211
D0116,3,R0053,0.018546566367149353
D0116,4,R0095,0.017917344346642494
D0116,5,R0054,0.015130727551877499
D0116,6,R0203,0.014785407111048698
D0116,7,R0052,0.01214717049151659
D0116,8,R0202,0.011915022507309914
D0116,9,R0264,0.011597361415624619
D0116,10,R0087,0.011029469780623913
D0117,1,R0188,0.7154240012168884
D0117,2,R0187,0.6870003342628479
D0117,3,R0186,0.6642136573791504
D0117,4,R0185,0.6417592167854309
D0117,5,R0189,0.6270381808280945
D0117,6,R0184,0.5613350868225098
D0117,7,R0176,0.549610435962677
D0117,8,R0177,0.5481898188591003
D0117,9,R0175,0.5381338000297546
D0117,10,R0222,0.3147873282432556
D0118,1,R0198,0.4303268790245056
D0118,2,R0196,0.3854903280735016
D0118,3,R0197,0.2575782835483551
D0118,4,R0202,0.040692951530218124
D0118,5,R0204,0.02898062951862812
D0118,6,R0203,0.02546808309853077
D0118,7,R0262,0.014503579586744308
D0118,8,R0220,0.013273886404931545
D0118,9,R0201,0.011331753805279732
D0118,10,R0200,0.01065251138061285
D0119,1,R0226,0.944587230682373
D0119,2,R0224,0.936168372631073
D0119,3,R0228,0.9351099133491516
D0119,4,R0227,0.9246877431869507
D0119,5,R0223,0.7732163667678833
D0119,6,R0225,0.7549149990081787
D0119,7,R0095,0.7339288592338562
D0119,8,R0010,0.7150261998176575
D0119,9,R0221,0.7054807543754578
D0119,10,R0094,0.7021217346191406
D0120,1,R0078,0.8966140151023865
D0120,2,R0076,0.8820220232009888
D0120,3,R0077,0.8806945085525513
D0120,4,R0074,0.6475753784179688
D0120,5,R0072,0.6322757005691528
D0120,6,R0071,0.631026029586792
D0120,7,R0066,0.6213111877441406
D0120,8,R0070,0.5989574790000916
D0120,9,R0067,0.4257245659828186
D0120,10,R0075,0.392686128616333
